cluster,cx,cy
0,0.40308206,1.72789166
1,0.96313305,1.00420128
2,1.62389640,1.74349259
3,1.59342467,0.24795867
4,0.39841862,0.24203364
