cluster,cx,cy
0,1.80256279,0.28592437
1,1.79904897,1.70328606
2,0.96934490,1.00887860
3,1.37431341,0.20639206
4,0.64863692,1.78310406
5,1.33546262,1.80496609
6,0.21284260,0.26764601
7,0.64515757,0.21488090
8,0.21641888,1.68125345
