cluster,cx,cy
0,1.33546262,1.80496609
1,1.59342467,0.24795867
2,0.96552412,1.00229764
3,0.64863692,1.78310406
4,1.79904897,1.70328606
5,0.21641888,1.68125345
6,0.39841862,0.24203364
