cluster,cx,cy
0,0.27733567,0.42371604
1,0.84120431,0.99857986
2,0.64863692,1.78310406
3,1.35699347,0.21442019
4,0.18444327,0.12900372
5,0.66953627,0.19553840
6,0.21758201,1.69039215
7,1.78251744,0.12851942
8,1.32380717,1.82381984
9,1.78991449,0.42942585
10,1.80115645,1.85261593
11,1.77699200,1.55044279
12,1.15920800,1.03314039
