cluster,cx,cy
0,1.16714916,1.01814443
1,0.21284260,0.26764601
2,1.32583264,1.81712370
3,1.80409443,0.27540559
4,1.37225469,0.20799186
5,0.64863692,1.78310406
6,1.78023698,1.54958431
7,0.83371094,1.00180007
8,0.64413793,0.21106521
9,1.80115645,1.85261593
10,0.21639309,1.68591511
