cluster,cx,cy
0,1.59794007,1.70662119
1,1.00468810,0.36443836
2,0.47840397,1.62105951
