cluster,cx,cy
0,1.30234033,1.80170558
1,0.19545425,1.70993651
2,0.67684956,1.78975730
3,1.32399537,0.21229876
4,0.99929806,1.01638966
5,1.75051775,1.71534232
6,0.63570161,0.22635239
7,1.77203813,0.28129123
8,0.20941212,0.30310540
