cluster,cx,cy
0,1.73536584,0.14182918
1,1.76152127,0.44956766
2,1.00886847,1.01611063
3,0.63802570,0.22994240
4,1.74930531,1.71985134
5,0.70018414,1.77991543
6,1.28734209,0.22073258
7,0.21580995,0.26381345
8,0.24602028,1.06485512
9,1.30234033,1.80170558
10,0.20957465,1.75722870
