cluster,cx,cy
0,1.18856328,1.04327516
1,0.70368268,1.78760919
2,1.73771911,1.86704555
3,1.32491184,0.20856021
4,0.65317896,0.21971892
5,1.77293738,0.27728814
6,0.19067658,0.14303366
7,0.86723009,0.98984974
8,0.26420640,0.45272484
9,0.18729434,1.86493452
10,1.75196072,1.59305412
11,0.24047249,1.52726125
12,1.29123316,1.79385608
