cluster,cx,cy
0,0.99864909,0.34484269
1,1.51273124,1.61845035
2,0.42468997,1.65989993
