cluster,cx,cy
0,0.72865353,1.79022663
1,0.21651873,1.71384728
2,0.40407604,0.26642537
3,1.00246692,1.02035634
4,1.59513257,1.74914956
5,1.77316367,0.28613213
6,1.32022578,0.21444109
