cluster,cx,cy
0,0.39247318,1.74260448
1,0.40443575,0.27005692
2,1.00365498,1.01555066
3,1.58239998,0.24898490
4,1.59102682,1.74753433
